ID	genetic_sex
HG00096	1
HG00097	0
HG00099	1
HG00100	1
HG00101	0
HG00102	0
HG00103	0
HG00105	1
HG00106	0
HG00107	1
HG00108	1
HG00109	1
HG00110	0
HG00111	0
HG00112	1
HG00113	0
HG00114	1
HG00115	0
HG00116	0
HG00117	1
HG00118	1
HG00119	0
HG00120	0
HG00121	0
HG00122	0
HG00123	0
HG00125	1
HG00126	1
HG00127	1
HG00128	0
HG00129	0
HG00130	1
HG00131	0
HG00132	0
HG00133	1
HG00136	1
HG00137	1
HG00138	1
HG00139	0
HG00140	1
HG00141	1
HG00142	0
HG00143	0
HG00145	0
HG00146	1
HG00148	1
HG00149	0
HG00150	0
HG00151	1
HG00154	1
HG00155	0
HG00157	0
HG00158	0
HG00159	1
HG00160	1
HG00171	1
HG00173	0
HG00174	1
HG00176	1
HG00177	1
HG00178	0
HG00179	0
HG00180	0
HG00181	1
HG00182	0
HG00183	0
HG00185	0
HG00186	1
HG00187	0
HG00188	1
HG00189	0
HG00190	1
HG00231	0
HG00232	1
HG00233	0
HG00234	0
HG00235	1
HG00236	1
HG00237	1
HG00238	1
HG00239	0
HG00240	1
HG00242	0
HG00243	1
HG00244	0
HG00245	0
HG00246	1
HG00250	0
HG00251	1
HG00252	1
HG00253	1
HG00254	0
HG00255	1
HG00256	1
HG00257	0
HG00258	1
HG00259	0
HG00260	0
HG00261	1
HG00262	0
HG00263	1
HG00264	0
HG00265	1
HG00266	0
HG00267	0
HG00268	1
HG00269	1
HG00271	1
HG00272	0
HG00273	1
HG00274	1
HG00275	1
HG00276	0
HG00277	1
HG00278	0
HG00280	0
HG00281	1
HG00282	0
HG00284	0
HG00285	1
HG00288	1
HG00290	0
HG00304	1
HG00306	0
HG00308	1
HG00309	0
HG00310	1
HG00311	0
HG00313	0
HG00315	1
HG00318	1
HG00319	0
HG00320	0
HG00321	1
HG00323	0
HG00324	0
HG00325	1
HG00326	1
HG00327	0
HG00328	0
HG00329	0
HG00330	1
HG00331	0
HG00332	0
HG00334	1
HG00335	0
HG00336	0
HG00337	0
HG00338	0
HG00339	0
HG00341	0
HG00342	0
HG00343	0
HG00344	0
HG00345	1
HG00346	0
HG00349	0
HG00350	0
HG00351	0
HG00353	0
HG00355	0
HG00356	0
HG00357	1
HG00358	0
HG00360	1
HG00361	1
HG00362	1
HG00364	1
HG00365	0
HG00366	1
HG00367	1
HG00368	0
HG00369	1
HG00371	0
HG00372	0
HG00373	1
HG00375	0
HG00376	0
HG00378	1
HG00379	0
HG00380	1
HG00381	1
HG00382	0
HG00383	1
HG00384	1
HG00403	0
HG00404	0
HG00405	0
HG00406	0
HG00407	1
HG00408	1
HG00409	0
HG00410	0
HG00418	0
HG00419	0
HG00420	0
HG00421	0
HG00422	0
HG00423	0
HG00427	1
HG00428	1
HG00429	0
HG00436	1
HG00437	1
HG00438	1
HG00442	0
HG00443	0
HG00444	0
HG00445	0
HG00446	1
HG00447	1
HG00448	0
HG00449	0
HG00450	0
HG00451	0
HG00452	0
HG00453	0
HG00457	1
HG00458	0
HG00459	1
HG00463	1
HG00464	0
HG00465	1
HG00472	1
HG00473	0
HG00474	1
HG00475	1
HG00476	1
HG00477	0
HG00478	0
HG00479	0
HG00480	1
HG00500	1
HG00501	1
HG00502	1
HG00512	0
HG00513	1
HG00514	1
HG00524	1
HG00525	0
HG00526	0
HG00530	1
HG00531	0
HG00532	0
HG00533	1
HG00534	0
HG00535	0
HG00536	0
HG00537	1
HG00538	0
HG00542	1
HG00543	0
HG00544	1
HG00551	0
HG00552	1
HG00553	1
HG00554	0
HG00555	1
HG00556	0
HG00557	0
HG00558	0
HG00559	0
HG00560	1
HG00561	0
HG00565	0
HG00566	0
HG00567	0
HG00577	1
HG00578	0
HG00579	1
HG00580	1
HG00581	1
HG00582	1
HG00583	0
HG00584	1
HG00585	0
HG00589	1
HG00590	1
HG00591	1
HG00592	0
HG00593	1
HG00594	0
HG00595	0
HG00596	1
HG00597	0
HG00598	1
HG00599	1
HG00607	0
HG00608	0
HG00609	0
HG00610	0
HG00611	1
HG00612	0
HG00613	0
HG00614	0
HG00615	0
HG00619	0
HG00620	0
HG00621	0
HG00622	1
HG00623	0
HG00625	1
HG00626	0
HG00627	1
HG00628	0
HG00629	1
HG00630	1
HG00631	1
HG00632	0
HG00634	1
HG00635	0
HG00636	1
HG00637	0
HG00638	0
HG00639	0
HG00640	1
HG00641	1
HG00642	0
HG00650	0
HG00651	1
HG00652	0
HG00653	1
HG00654	1
HG00655	1
HG00656	1
HG00657	1
HG00658	1
HG00662	1
HG00663	1
HG00664	0
HG00671	0
HG00672	1
HG00673	1
HG00674	0
HG00675	0
HG00683	0
HG00684	1
HG00685	0
HG00689	0
HG00690	0
HG00691	0
HG00692	1
HG00693	0
HG00694	1
HG00698	0
HG00699	1
HG00700	0
HG00701	1
HG00702	1
HG00703	0
HG00704	1
HG00705	1
HG00706	1
HG00707	1
HG00708	1
HG00709	0
HG00717	0
HG00728	0
HG00729	1
HG00731	0
HG00732	1
HG00733	1
HG00734	1
HG00735	1
HG00736	1
HG00737	0
HG00738	1
HG00739	0
HG00740	0
HG00741	0
HG00742	1
HG00743	0
HG00759	1
HG00766	0
HG00844	1
HG00851	0
HG00864	0
HG00867	0
HG00879	1
HG00881	1
HG00956	1
HG00978	1
HG00982	0
HG01028	1
HG01029	0
HG01031	1
HG01046	0
HG01047	1
HG01048	0
HG01049	1
HG01050	0
HG01051	1
HG01052	1
HG01053	0
HG01054	0
HG01055	0
HG01056	0
HG01058	0
HG01060	0
HG01061	0
HG01062	0
HG01063	1
HG01064	0
HG01066	1
HG01067	1
HG01068	0
HG01069	1
HG01070	0
HG01071	1
HG01072	0
HG01073	1
HG01074	1
HG01075	0
HG01077	1
HG01079	1
HG01080	0
HG01081	0
HG01082	0
HG01083	1
HG01084	1
HG01085	0
HG01086	1
HG01087	0
HG01088	1
HG01089	1
HG01092	0
HG01094	1
HG01095	1
HG01096	1
HG01097	0
HG01098	0
HG01099	1
HG01100	1
HG01101	1
HG01102	1
HG01103	0
HG01104	1
HG01105	1
HG01106	0
HG01107	0
HG01108	0
HG01109	1
HG01110	1
HG01111	1
HG01112	0
HG01113	1
HG01114	1
HG01119	1
HG01121	0
HG01122	1
HG01124	0
HG01125	0
HG01126	0
HG01130	0
HG01131	0
HG01133	0
HG01134	0
HG01135	1
HG01136	1
HG01137	0
HG01138	0
HG01139	0
HG01140	1
HG01141	1
HG01142	0
HG01148	0
HG01149	1
HG01150	1
HG01161	0
HG01162	0
HG01164	0
HG01167	0
HG01168	1
HG01169	1
HG01170	0
HG01171	0
HG01172	0
HG01173	1
HG01174	1
HG01175	1
HG01176	0
HG01177	1
HG01178	0
HG01182	1
HG01183	1
HG01184	0
HG01187	0
HG01188	1
HG01189	1
HG01190	1
HG01191	0
HG01192	0
HG01197	0
HG01198	0
HG01199	0
HG01200	1
HG01204	1
HG01205	1
HG01206	1
HG01241	0
HG01242	1
HG01243	0
HG01247	0
HG01248	1
HG01249	0
HG01250	1
HG01251	1
HG01252	1
HG01253	0
HG01254	0
HG01255	0
HG01256	1
HG01257	1
HG01258	1
HG01259	0
HG01260	0
HG01261	1
HG01269	0
HG01271	0
HG01272	0
HG01273	0
HG01274	1
HG01275	1
HG01276	1
HG01277	0
HG01278	1
HG01279	1
HG01280	1
HG01281	1
HG01284	0
HG01286	1
HG01302	1
HG01303	1
HG01305	1
HG01308	0
HG01311	0
HG01312	0
HG01323	1
HG01325	0
HG01326	1
HG01334	0
HG01341	0
HG01342	1
HG01343	0
HG01344	1
HG01345	1
HG01346	0
HG01347	0
HG01348	0
HG01349	0
HG01350	1
HG01351	0
HG01352	0
HG01353	1
HG01354	0
HG01355	0
HG01356	0
HG01357	0
HG01358	1
HG01359	0
HG01360	0
HG01361	0
HG01362	0
HG01363	0
HG01365	0
HG01366	1
HG01367	0
HG01369	0
HG01372	1
HG01374	0
HG01375	1
HG01376	1
HG01377	0
HG01378	1
HG01379	0
HG01383	0
HG01384	0
HG01385	1
HG01389	1
HG01390	0
HG01391	1
HG01392	1
HG01393	1
HG01395	1
HG01396	1
HG01398	1
HG01402	0
HG01403	0
HG01405	0
HG01412	0
HG01413	1
HG01414	1
HG01431	1
HG01432	0
HG01433	0
HG01435	0
HG01437	0
HG01438	0
HG01439	1
HG01440	1
HG01441	0
HG01443	1
HG01444	1
HG01447	0
HG01455	0
HG01456	0
HG01457	1
HG01459	1
HG01461	1
HG01462	1
HG01463	0
HG01464	0
HG01465	0
HG01466	0
HG01468	1
HG01474	0
HG01479	0
HG01485	0
HG01486	1
HG01488	0
HG01489	1
HG01490	0
HG01491	1
HG01492	0
HG01493	0
HG01494	0
HG01495	0
HG01496	1
HG01497	1
HG01498	0
HG01499	0
HG01500	0
HG01501	0
HG01502	1
HG01503	0
HG01504	1
HG01505	1
HG01506	1
HG01507	1
HG01508	0
HG01509	1
HG01510	0
HG01511	0
HG01512	0
HG01513	1
HG01514	1
HG01515	1
HG01516	1
HG01517	1
HG01518	1
HG01519	0
HG01520	1
HG01521	1
HG01522	1
HG01523	1
HG01524	1
HG01525	0
HG01526	0
HG01527	0
HG01528	1
HG01529	0
HG01530	1
HG01531	0
HG01532	0
HG01536	1
HG01537	1
HG01538	1
HG01550	0
HG01551	0
HG01552	0
HG01556	0
HG01565	0
HG01566	0
HG01567	1
HG01571	0
HG01572	1
HG01573	1
HG01577	0
HG01578	1
HG01579	0
HG01583	0
HG01586	0
HG01589	1
HG01593	1
HG01595	1
HG01596	0
HG01597	1
HG01598	1
HG01599	0
HG01600	0
HG01601	1
HG01602	0
HG01603	1
HG01604	1
HG01605	1
HG01606	1
HG01607	1
HG01608	0
HG01609	1
HG01610	1
HG01611	1
HG01612	1
HG01613	0
HG01614	0
HG01615	0
HG01616	0
HG01617	1
HG01618	1
HG01619	0
HG01620	1
HG01621	1
HG01622	0
HG01623	0
HG01624	0
HG01625	0
HG01626	0
HG01627	1
HG01628	1
HG01629	0
HG01630	1
HG01631	1
HG01632	0
HG01633	0
HG01667	1
HG01668	0
HG01669	0
HG01670	1
HG01671	1
HG01672	1
HG01673	0
HG01674	0
HG01675	0
HG01676	1
HG01677	0
HG01678	1
HG01679	1
HG01680	0
HG01681	0
HG01682	0
HG01683	1
HG01684	0
HG01685	1
HG01686	0
HG01687	1
HG01694	1
HG01695	1
HG01696	0
HG01697	1
HG01698	0
HG01699	0
HG01700	1
HG01701	0
HG01702	1
HG01703	0
HG01704	1
HG01705	1
HG01706	1
HG01707	0
HG01708	1
HG01709	0
HG01710	1
HG01711	0
HG01746	0
HG01747	1
HG01748	1
HG01755	1
HG01756	0
HG01757	1
HG01761	0
HG01762	0
HG01763	0
HG01765	1
HG01766	0
HG01767	0
HG01768	0
HG01770	0
HG01771	1
HG01772	1
HG01773	1
HG01774	0
HG01775	1
HG01776	0
HG01777	0
HG01778	0
HG01779	0
HG01780	0
HG01781	1
HG01782	1
HG01783	1
HG01784	0
HG01785	0
HG01786	1
HG01789	1
HG01790	0
HG01791	0
HG01794	0
HG01795	1
HG01796	1
HG01797	1
HG01798	1
HG01799	0
HG01800	1
HG01801	1
HG01802	1
HG01804	1
HG01805	0
HG01806	1
HG01807	1
HG01808	1
HG01809	1
HG01810	0
HG01811	0
HG01812	0
HG01813	0
HG01815	0
HG01816	1
HG01817	0
HG01840	1
HG01841	1
HG01842	1
HG01843	1
HG01844	0
HG01845	0
HG01846	1
HG01847	1
HG01848	0
HG01849	0
HG01850	0
HG01851	0
HG01852	1
HG01853	1
HG01855	1
HG01857	1
HG01858	0
HG01859	1
HG01860	0
HG01861	0
HG01862	1
HG01863	0
HG01864	1
HG01865	1
HG01866	1
HG01867	1
HG01868	1
HG01869	0
HG01870	0
HG01871	0
HG01872	1
HG01873	1
HG01874	1
HG01878	0
HG01879	1
HG01880	0
HG01881	0
HG01882	1
HG01883	0
HG01884	1
HG01885	0
HG01886	0
HG01887	1
HG01888	1
HG01889	1
HG01890	0
HG01891	0
HG01892	1
HG01893	0
HG01894	0
HG01895	0
HG01896	0
HG01897	0
HG01898	0
HG01912	1
HG01914	1
HG01915	0
HG01916	1
HG01917	1
HG01918	0
HG01919	1
HG01920	1
HG01921	0
HG01922	1
HG01923	0
HG01924	1
HG01925	1
HG01926	1
HG01927	1
HG01928	0
HG01932	1
HG01933	0
HG01934	1
HG01935	0
HG01936	1
HG01937	0
HG01938	1
HG01939	0
HG01940	1
HG01941	1
HG01942	0
HG01943	0
HG01944	1
HG01945	0
HG01946	0
HG01947	1
HG01948	0
HG01949	1
HG01950	1
HG01951	0
HG01952	0
HG01953	1
HG01954	1
HG01955	1
HG01956	0
HG01958	0
HG01959	0
HG01960	1
HG01961	0
HG01965	1
HG01967	0
HG01968	1
HG01969	1
HG01970	1
HG01971	0
HG01972	0
HG01973	1
HG01974	0
HG01975	0
HG01976	1
HG01977	1
HG01978	1
HG01979	0
HG01980	1
HG01981	0
HG01982	1
HG01983	1
HG01984	1
HG01985	1
HG01986	1
HG01987	0
HG01988	1
HG01989	0
HG01990	1
HG01991	0
HG01992	0
HG01993	1
HG01997	0
HG01998	0
HG02002	0
HG02003	1
HG02004	0
HG02006	1
HG02008	1
HG02009	1
HG02010	0
HG02011	1
HG02012	1
HG02013	0
HG02014	1
HG02015	0
HG02016	0
HG02017	0
HG02018	0
HG02019	1
HG02020	1
HG02023	1
HG02024	0
HG02025	1
HG02026	1
HG02027	1
HG02028	1
HG02029	0
HG02030	0
HG02031	1
HG02032	0
HG02035	0
HG02040	1
HG02047	1
HG02048	1
HG02049	1
HG02050	0
HG02051	1
HG02052	1
HG02053	1
HG02054	1
HG02055	1
HG02056	0
HG02057	1
HG02058	1
HG02059	0
HG02060	1
HG02061	1
HG02064	1
HG02067	1
HG02068	0
HG02069	0
HG02070	1
HG02071	1
HG02072	0
HG02073	0
HG02074	0
HG02075	0
HG02076	0
HG02077	1
HG02078	0
HG02079	0
HG02080	1
HG02081	1
HG02082	0
HG02083	0
HG02084	1
HG02085	0
HG02086	1
HG02087	0
HG02088	0
HG02089	0
HG02090	0
HG02091	1
HG02095	0
HG02102	0
HG02104	1
HG02105	0
HG02106	0
HG02107	1
HG02108	0
HG02111	1
HG02113	0
HG02116	1
HG02120	1
HG02121	1
HG02122	0
HG02126	0
HG02127	0
HG02128	0
HG02129	1
HG02130	1
HG02131	0
HG02132	1
HG02133	1
HG02134	1
HG02135	1
HG02136	0
HG02137	1
HG02138	1
HG02139	1
HG02140	0
HG02141	1
HG02142	1
HG02143	1
HG02144	1
HG02145	0
HG02146	1
HG02147	1
HG02148	1
HG02150	0
HG02151	1
HG02152	1
HG02153	1
HG02154	1
HG02155	0
HG02156	1
HG02164	1
HG02165	0
HG02166	0
HG02178	0
HG02179	1
HG02180	0
HG02181	0
HG02182	0
HG02184	1
HG02185	1
HG02186	0
HG02187	1
HG02188	1
HG02190	0
HG02215	0
HG02219	1
HG02220	0
HG02221	1
HG02222	0
HG02223	0
HG02224	0
HG02225	0
HG02229	0
HG02230	1
HG02231	1
HG02232	1
HG02233	0
HG02234	1
HG02235	0
HG02236	1
HG02237	0
HG02238	0
HG02239	1
HG02240	1
HG02250	0
HG02252	1
HG02253	0
HG02255	0
HG02256	1
HG02257	1
HG02258	1
HG02259	0
HG02260	1
HG02261	0
HG02262	0
HG02265	1
HG02266	0
HG02271	0
HG02272	0
HG02273	1
HG02274	0
HG02275	0
HG02277	0
HG02278	1
HG02279	1
HG02280	0
HG02281	1
HG02282	1
HG02283	1
HG02284	1
HG02285	0
HG02286	1
HG02287	1
HG02291	0
HG02292	1
HG02293	0
HG02298	1
HG02299	1
HG02300	0
HG02301	1
HG02302	1
HG02303	1
HG02304	1
HG02307	1
HG02308	0
HG02309	0
HG02312	0
HG02314	1
HG02315	0
HG02316	0
HG02317	0
HG02318	0
HG02321	1
HG02322	0
HG02323	0
HG02325	0
HG02330	1
HG02332	0
HG02334	0
HG02337	0
HG02339	0
HG02343	1
HG02345	1
HG02348	1
HG02351	1
HG02353	1
HG02355	1
HG02356	0
HG02360	0
HG02364	1
HG02367	1
HG02371	1
HG02373	1
HG02374	0
HG02375	0
HG02379	0
HG02380	1
HG02382	0
HG02383	0
HG02384	0
HG02385	0
HG02386	1
HG02389	0
HG02390	1
HG02391	0
HG02392	1
HG02394	1
HG02395	1
HG02396	1
HG02397	1
HG02398	0
HG02399	1
HG02401	1
HG02402	1
HG02406	0
HG02407	0
HG02408	1
HG02409	0
HG02410	1
HG02419	0
HG02420	1
HG02425	0
HG02427	1
HG02429	0
HG02433	0
HG02439	0
HG02442	1
HG02445	1
HG02449	0
HG02450	1
HG02451	0
HG02455	1
HG02461	0
HG02462	1
HG02463	1
HG02464	0
HG02465	1
HG02466	0
HG02470	0
HG02471	1
HG02476	0
HG02477	1
HG02479	1
HG02481	0
HG02484	1
HG02485	1
HG02489	1
HG02490	1
HG02491	1
HG02492	0
HG02493	0
HG02494	0
HG02495	0
HG02496	1
HG02497	0
HG02501	1
HG02502	1
HG02505	0
HG02508	1
HG02511	0
HG02512	1
HG02513	1
HG02514	0
HG02521	1
HG02522	0
HG02523	0
HG02524	0
HG02525	0
HG02526	0
HG02536	1
HG02537	0
HG02541	0
HG02545	1
HG02546	0
HG02549	0
HG02554	1
HG02555	1
HG02557	1
HG02558	0
HG02561	1
HG02562	0
HG02563	0
HG02568	1
HG02569	1
HG02570	0
HG02571	0
HG02572	1
HG02573	0
HG02574	0
HG02575	1
HG02577	1
HG02580	1
HG02582	1
HG02583	1
HG02584	0
HG02585	1
HG02586	0
HG02587	0
HG02588	1
HG02589	0
HG02590	0
HG02594	0
HG02595	0
HG02596	0
HG02597	0
HG02600	1
HG02601	0
HG02602	0
HG02603	1
HG02604	1
HG02605	1
HG02610	1
HG02611	0
HG02612	1
HG02613	1
HG02614	0
HG02615	1
HG02620	1
HG02621	0
HG02622	0
HG02623	1
HG02624	0
HG02625	0
HG02628	0
HG02629	0
HG02630	1
HG02634	1
HG02635	1
HG02636	1
HG02642	1
HG02643	1
HG02644	1
HG02645	1
HG02646	0
HG02647	1
HG02648	1
HG02649	1
HG02650	0
HG02651	0
HG02652	1
HG02653	0
HG02654	1
HG02655	0
HG02656	0
HG02657	1
HG02658	1
HG02659	1
HG02660	1
HG02661	1
HG02662	0
HG02666	0
HG02667	0
HG02668	0
HG02675	1
HG02676	0
HG02677	1
HG02678	0
HG02679	1
HG02680	1
HG02681	0
HG02682	1
HG02683	1
HG02684	0
HG02685	0
HG02686	1
HG02687	1
HG02688	0
HG02689	0
HG02690	0
HG02691	1
HG02692	1
HG02694	1
HG02696	0
HG02697	1
HG02698	1
HG02699	0
HG02700	1
HG02701	1
HG02702	0
HG02703	1
HG02704	0
HG02715	1
HG02716	1
HG02717	1
HG02721	0
HG02722	0
HG02723	0
HG02724	1
HG02725	1
HG02726	1
HG02727	1
HG02728	1
HG02729	0
HG02731	1
HG02733	0
HG02734	0
HG02735	0
HG02736	0
HG02737	0
HG02738	0
HG02756	1
HG02757	0
HG02759	0
HG02760	1
HG02761	0
HG02762	1
HG02763	1
HG02764	0
HG02768	1
HG02769	0
HG02770	1
HG02771	1
HG02772	0
HG02773	0
HG02774	1
HG02775	0
HG02776	0
HG02778	1
HG02780	0
HG02783	0
HG02784	0
HG02785	1
HG02786	1
HG02787	1
HG02788	1
HG02789	0
HG02790	1
HG02791	1
HG02792	0
HG02793	0
HG02794	0
HG02798	1
HG02799	0
HG02800	0
HG02804	1
HG02805	0
HG02806	0
HG02807	1
HG02808	0
HG02809	1
HG02810	0
HG02811	0
HG02812	1
HG02813	1
HG02814	1
HG02815	1
HG02816	0
HG02817	1
HG02818	0
HG02819	1
HG02820	1
HG02821	0
HG02836	0
HG02837	1
HG02838	0
HG02839	0
HG02840	1
HG02841	1
HG02851	0
HG02852	0
HG02853	1
HG02854	0
HG02855	0
HG02856	0
HG02860	1
HG02861	0
HG02862	0
HG02869	0
HG02870	0
HG02871	0
HG02878	0
HG02879	0
HG02880	1
HG02881	0
HG02882	0
HG02883	0
HG02884	1
HG02885	0
HG02886	0
HG02887	0
HG02888	0
HG02889	0
HG02890	0
HG02891	1
HG02892	1
HG02895	0
HG02896	0
HG02897	1
HG02922	0
HG02923	0
HG02924	1
HG02938	1
HG02941	0
HG02943	0
HG02944	1
HG02945	1
HG02946	0
HG02947	0
HG02948	0
HG02952	1
HG02953	1
HG02954	1
HG02964	0
HG02965	1
HG02966	0
HG02968	1
HG02970	0
HG02971	1
HG02972	0
HG02973	1
HG02974	1
HG02975	0
HG02976	1
HG02977	0
HG02978	0
HG02979	1
HG02980	0
HG02981	1
HG02982	1
HG02983	0
HG02984	0
HG03006	0
HG03007	0
HG03008	0
HG03009	1
HG03012	1
HG03015	1
HG03016	0
HG03017	0
HG03018	1
HG03019	1
HG03021	0
HG03022	0
HG03024	1
HG03025	0
HG03026	0
HG03027	1
HG03028	0
HG03029	1
HG03033	1
HG03034	1
HG03035	1
HG03039	0
HG03040	1
HG03041	0
HG03045	1
HG03046	1
HG03047	0
HG03048	1
HG03049	0
HG03050	0
HG03052	1
HG03054	0
HG03055	0
HG03056	0
HG03057	0
HG03058	0
HG03060	1
HG03061	0
HG03063	1
HG03064	1
HG03065	1
HG03066	1
HG03069	0
HG03072	0
HG03073	0
HG03074	1
HG03077	0
HG03078	1
HG03079	1
HG03081	0
HG03082	0
HG03084	1
HG03085	1
HG03086	1
HG03088	1
HG03091	1
HG03095	0
HG03096	0
HG03097	0
HG03098	0
HG03099	0
HG03100	1
HG03101	0
HG03103	1
HG03105	0
HG03108	1
HG03109	1
HG03110	1
HG03111	0
HG03112	1
HG03113	0
HG03114	1
HG03115	0
HG03116	0
HG03117	0
HG03118	0
HG03119	1
HG03120	1
HG03121	0
HG03122	1
HG03123	0
HG03124	1
HG03125	1
HG03126	1
HG03127	1
HG03128	0
HG03129	0
HG03130	0
HG03131	1
HG03132	1
HG03133	0
HG03134	1
HG03135	1
HG03136	0
HG03137	0
HG03139	0
HG03157	0
HG03159	0
HG03160	0
HG03161	0
HG03162	0
HG03163	0
HG03164	1
HG03166	1
HG03168	1
HG03169	1
HG03170	0
HG03172	1
HG03175	0
HG03189	0
HG03190	0
HG03191	0
HG03193	0
HG03195	1
HG03196	1
HG03197	1
HG03198	0
HG03199	1
HG03200	1
HG03202	0
HG03209	1
HG03212	0
HG03224	0
HG03225	0
HG03228	0
HG03229	0
HG03230	1
HG03234	1
HG03235	1
HG03236	0
HG03237	0
HG03238	0
HG03239	1
HG03240	1
HG03241	0
HG03242	1
HG03246	1
HG03247	0
HG03248	0
HG03249	0
HG03250	0
HG03251	0
HG03258	0
HG03259	0
HG03260	1
HG03265	1
HG03267	0
HG03268	1
HG03269	1
HG03270	0
HG03271	1
HG03272	0
HG03279	1
HG03280	1
HG03291	0
HG03294	0
HG03295	1
HG03296	0
HG03297	0
HG03298	0
HG03299	1
HG03300	1
HG03301	0
HG03302	0
HG03303	1
HG03304	1
HG03305	0
HG03306	0
HG03307	1
HG03308	0
HG03309	1
HG03310	0
HG03311	0
HG03312	1
HG03313	1
HG03314	1
HG03342	0
HG03343	1
HG03344	1
HG03350	0
HG03351	1
HG03352	0
HG03354	1
HG03363	0
HG03366	1
HG03367	0
HG03368	1
HG03369	1
HG03370	1
HG03371	1
HG03372	1
HG03373	0
HG03374	1
HG03376	0
HG03378	0
HG03380	1
HG03382	1
HG03385	0
HG03388	0
HG03391	1
HG03394	1
HG03397	0
HG03401	1
HG03410	0
HG03419	0
HG03428	0
HG03432	0
HG03433	0
HG03436	0
HG03437	1
HG03438	1
HG03439	1
HG03442	1
HG03445	0
HG03446	1
HG03449	0
HG03451	0
HG03452	1
HG03453	0
HG03454	1
HG03455	1
HG03456	1
HG03457	1
HG03458	0
HG03460	0
HG03461	1
HG03464	0
HG03469	0
HG03470	1
HG03472	1
HG03473	0
HG03476	0
HG03478	0
HG03479	0
HG03480	0
HG03484	1
HG03485	0
HG03486	1
HG03487	1
HG03488	0
HG03489	0
HG03490	1
HG03491	0
HG03492	1
HG03499	1
HG03511	0
HG03514	1
HG03515	0
HG03516	0
HG03517	1
HG03518	0
HG03519	0
HG03520	0
HG03521	0
HG03522	1
HG03538	1
HG03539	0
HG03540	1
HG03547	0
HG03548	0
HG03556	0
HG03557	0
HG03558	1
HG03559	1
HG03563	0
HG03565	0
HG03567	1
HG03571	1
HG03572	0
HG03574	0
HG03575	0
HG03576	1
HG03577	1
HG03578	1
HG03579	1
HG03582	0
HG03583	1
HG03584	0
HG03585	1
HG03589	0
HG03593	0
HG03594	1
HG03595	0
HG03596	1
HG03598	0
HG03600	1
HG03603	1
HG03604	1
HG03605	0
HG03606	0
HG03607	1
HG03611	0
HG03615	0
HG03616	0
HG03617	0
HG03618	0
HG03619	0
HG03620	1
HG03624	1
HG03625	0
HG03626	1
HG03629	1
HG03631	1
HG03633	1
HG03634	0
HG03635	0
HG03636	1
HG03639	0
HG03640	0
HG03641	0
HG03642	0
HG03643	0
HG03644	0
HG03645	1
HG03646	0
HG03649	0
HG03650	0
HG03651	1
HG03652	0
HG03653	1
HG03654	0
HG03660	0
HG03663	0
HG03667	0
HG03668	1
HG03669	0
HG03672	0
HG03673	1
HG03679	0
HG03680	1
HG03681	1
HG03682	1
HG03683	1
HG03684	0
HG03685	0
HG03686	0
HG03687	0
HG03688	0
HG03689	1
HG03690	1
HG03691	1
HG03692	1
HG03693	1
HG03694	1
HG03695	1
HG03696	1
HG03697	1
HG03698	0
HG03699	1
HG03700	0
HG03701	0
HG03702	0
HG03703	0
HG03704	0
HG03705	0
HG03706	0
HG03707	1
HG03708	0
HG03709	0
HG03710	0
HG03711	0
HG03713	0
HG03714	1
HG03716	0
HG03717	1
HG03718	1
HG03719	1
HG03720	1
HG03721	0
HG03722	0
HG03725	1
HG03727	1
HG03729	1
HG03730	0
HG03731	0
HG03732	0
HG03733	0
HG03736	1
HG03738	0
HG03740	0
HG03741	1
HG03742	1
HG03743	1
HG03744	1
HG03745	1
HG03746	1
HG03750	0
HG03752	0
HG03753	0
HG03754	1
HG03755	0
HG03756	1
HG03757	0
HG03760	1
HG03761	0
HG03762	1
HG03763	0
HG03765	1
HG03767	0
HG03770	0
HG03771	1
HG03772	0
HG03773	1
HG03774	0
HG03775	0
HG03777	1
HG03778	1
HG03779	1
HG03780	1
HG03781	1
HG03782	1
HG03784	0
HG03785	1
HG03786	1
HG03787	0
HG03788	1
HG03789	1
HG03790	1
HG03792	0
HG03793	0
HG03794	1
HG03795	0
HG03796	0
HG03797	0
HG03798	1
HG03799	1
HG03800	0
HG03801	1
HG03802	0
HG03803	1
HG03804	1
HG03805	1
HG03806	1
HG03807	0
HG03808	1
HG03809	1
HG03812	1
HG03814	0
HG03815	1
HG03816	1
HG03817	1
HG03821	1
HG03823	0
HG03824	1
HG03825	1
HG03826	1
HG03829	0
HG03830	0
HG03831	1
HG03832	1
HG03833	1
HG03834	1
HG03836	0
HG03837	1
HG03838	0
HG03844	1
HG03846	1
HG03848	1
HG03849	0
HG03850	0
HG03851	1
HG03854	0
HG03856	1
HG03857	1
HG03858	1
HG03861	1
HG03862	0
HG03863	0
HG03864	0
HG03866	1
HG03867	1
HG03868	0
HG03869	1
HG03870	0
HG03871	0
HG03872	1
HG03873	1
HG03874	1
HG03875	0
HG03882	0
HG03884	0
HG03885	1
HG03886	0
HG03887	0
HG03888	1
HG03890	0
HG03894	0
HG03895	0
HG03896	0
HG03897	1
HG03898	1
HG03899	1
HG03900	1
HG03902	0
HG03904	1
HG03905	1
HG03906	0
HG03907	0
HG03908	1
HG03909	1
HG03910	1
HG03911	1
HG03913	0
HG03914	1
HG03915	1
HG03916	0
HG03917	1
HG03919	0
HG03920	1
HG03922	0
HG03925	0
HG03926	0
HG03927	1
HG03928	0
HG03929	0
HG03930	0
HG03931	0
HG03934	0
HG03937	0
HG03940	0
HG03941	0
HG03942	1
HG03943	0
HG03944	1
HG03945	0
HG03947	0
HG03949	0
HG03950	0
HG03951	0
HG03953	1
HG03955	0
HG03960	1
HG03963	1
HG03965	1
HG03967	1
HG03968	1
HG03969	1
HG03971	0
HG03973	0
HG03974	0
HG03976	1
HG03977	0
HG03978	1
HG03985	0
HG03986	0
HG03989	0
HG03990	1
HG03991	1
HG03992	0
HG03995	0
HG03998	1
HG03999	1
HG04001	1
HG04002	1
HG04003	0
HG04006	1
HG04014	0
HG04015	1
HG04017	1
HG04018	1
HG04019	0
HG04020	1
HG04022	1
HG04023	1
HG04025	0
HG04026	0
HG04029	1
HG04033	0
HG04035	1
HG04036	0
HG04038	1
HG04039	0
HG04042	1
HG04047	1
HG04054	0
HG04056	1
HG04059	1
HG04060	1
HG04061	1
HG04062	0
HG04063	1
HG04070	1
HG04075	1
HG04076	1
HG04080	0
HG04090	0
HG04093	1
HG04094	0
HG04096	0
HG04098	0
HG04099	1
HG04100	1
HG04106	1
HG04107	0
HG04115	0
HG04118	0
HG04122	1
HG04127	0
HG04131	1
HG04132	0
HG04133	0
HG04134	1
HG04135	0
HG04136	1
HG04140	0
HG04141	0
HG04142	1
HG04144	0
HG04146	1
HG04147	1
HG04148	0
HG04149	0
HG04150	1
HG04151	0
HG04152	1
HG04153	1
HG04155	1
HG04156	1
HG04157	0
HG04158	1
HG04159	0
HG04160	0
HG04161	0
HG04162	0
HG04164	1
HG04171	0
HG04173	1
HG04174	0
HG04175	1
HG04176	1
HG04177	1
HG04180	1
HG04182	1
HG04183	0
HG04184	0
HG04185	0
HG04186	0
HG04187	1
HG04188	0
HG04189	0
HG04191	0
HG04192	0
HG04193	1
HG04194	1
HG04195	0
HG04198	0
HG04199	0
HG04200	1
HG04202	1
HG04204	1
HG04206	1
HG04209	1
HG04210	0
HG04211	0
HG04212	0
HG04214	0
HG04215	1
HG04216	0
HG04217	0
HG04219	1
HG04222	1
HG04225	0
HG04227	1
HG04228	0
HG04229	1
HG04235	0
HG04238	0
HG04239	1
NA06984	0
NA06985	0
NA06986	0
NA06989	0
NA06991	0
NA06993	1
NA06994	1
NA06995	1
NA06997	0
NA07000	1
NA07014	0
NA07019	0
NA07022	0
NA07029	1
NA07031	1
NA07034	0
NA07037	0
NA07045	0
NA07048	0
NA07051	1
NA07055	1
NA07056	1
NA07345	1
NA07346	0
NA07347	0
NA07348	1
NA07349	1
NA07357	1
NA07435	0
NA10830	0
NA10831	0
NA10835	1
NA10836	1
NA10837	1
NA10838	0
NA10839	1
NA10840	0
NA10842	0
NA10843	1
NA10845	0
NA10846	0
NA10847	1
NA10851	0
NA10852	1
NA10854	0
NA10855	0
NA10856	0
NA10857	0
NA10859	0
NA10860	1
NA10861	1
NA10863	0
NA10864	0
NA10865	0
NA11829	0
NA11830	0
NA11831	0
NA11832	1
NA11839	1
NA11840	1
NA11843	0
NA11881	0
NA11882	0
NA11891	0
NA11892	1
NA11893	0
NA11894	1
NA11917	0
NA11918	1
NA11919	1
NA11920	0
NA11930	1
NA11931	1
NA11932	1
NA11933	0
NA11992	0
NA11993	1
NA11994	0
NA11995	1
NA12003	0
NA12004	1
NA12005	1
NA12006	1
NA12043	1
NA12044	1
NA12045	0
NA12046	1
NA12056	1
NA12057	0
NA12058	0
NA12144	1
NA12145	0
NA12146	1
NA12154	1
NA12155	0
NA12156	0
NA12234	0
NA12236	0
NA12239	0
NA12248	0
NA12249	1
NA12264	0
NA12272	0
NA12273	0
NA12274	1
NA12275	1
NA12282	1
NA12283	0
NA12286	1
NA12287	0
NA12329	0
NA12335	0
NA12336	0
NA12340	0
NA12341	1
NA12342	0
NA12343	1
NA12344	1
NA12347	0
NA12348	0
NA12376	0
NA12383	0
NA12386	1
NA12399	1
NA12400	0
NA12413	0
NA12414	0
NA12485	1
NA12489	1
NA12546	0
NA12707	0
NA12716	1
NA12717	1
NA12718	0
NA12739	0
NA12740	0
NA12748	0
NA12749	1
NA12750	1
NA12751	1
NA12752	0
NA12753	0
NA12760	1
NA12761	1
NA12762	0
NA12763	1
NA12766	0
NA12767	0
NA12775	1
NA12776	0
NA12777	1
NA12778	1
NA12801	1
NA12802	0
NA12812	0
NA12813	0
NA12814	0
NA12815	1
NA12817	1
NA12818	0
NA12827	1
NA12828	0
NA12829	0
NA12830	0
NA12832	0
NA12842	0
NA12843	0
NA12864	0
NA12865	1
NA12872	0
NA12873	1
NA12874	1
NA12875	1
NA12877	1
NA12878	1
NA12889	1
NA12890	1
NA12891	0
NA12892	0
NA18484	1
NA18485	1
NA18486	0
NA18487	0
NA18488	0
NA18489	1
NA18497	1
NA18498	0
NA18499	1
NA18500	0
NA18501	1
NA18502	1
NA18503	1
NA18504	0
NA18505	1
NA18506	0
NA18507	0
NA18508	0
NA18510	1
NA18511	1
NA18515	1
NA18516	0
NA18517	1
NA18518	0
NA18519	0
NA18520	0
NA18521	1
NA18522	0
NA18523	0
NA18525	0
NA18526	1
NA18528	1
NA18530	1
NA18531	1
NA18532	1
NA18533	1
NA18534	1
NA18535	0
NA18536	0
NA18537	0
NA18538	1
NA18539	0
NA18541	0
NA18542	0
NA18543	0
NA18544	0
NA18545	1
NA18546	0
NA18547	1
NA18548	0
NA18549	1
NA18550	0
NA18552	1
NA18553	1
NA18555	1
NA18557	1
NA18558	0
NA18559	1
NA18560	0
NA18561	0
NA18562	0
NA18563	0
NA18564	0
NA18565	0
NA18566	0
NA18567	0
NA18570	1
NA18571	1
NA18572	0
NA18573	1
NA18574	0
NA18577	1
NA18579	1
NA18582	1
NA18591	1
NA18592	1
NA18593	0
NA18595	1
NA18596	1
NA18597	1
NA18599	1
NA18602	1
NA18603	0
NA18605	0
NA18606	1
NA18608	0
NA18609	0
NA18610	0
NA18611	1
NA18612	0
NA18613	0
NA18614	0
NA18615	0
NA18616	0
NA18617	0
NA18618	0
NA18619	1
NA18620	0
NA18621	0
NA18622	0
NA18623	1
NA18624	0
NA18625	0
NA18626	0
NA18627	0
NA18628	0
NA18629	0
NA18630	1
NA18631	1
NA18632	1
NA18633	1
NA18634	0
NA18635	0
NA18636	0
NA18637	1
NA18638	1
NA18639	0
NA18640	1
NA18641	0
NA18642	1
NA18643	1
NA18644	0
NA18645	1
NA18646	1
NA18647	0
NA18648	1
NA18740	1
NA18745	1
NA18747	1
NA18748	0
NA18749	1
NA18757	0
NA18852	0
NA18853	1
NA18854	0
NA18855	1
NA18856	0
NA18857	0
NA18858	1
NA18859	0
NA18860	0
NA18861	0
NA18862	1
NA18863	0
NA18864	1
NA18865	0
NA18867	1
NA18868	0
NA18869	1
NA18870	1
NA18871	0
NA18872	0
NA18873	1
NA18874	1
NA18875	1
NA18876	1
NA18877	0
NA18878	1
NA18879	1
NA18881	1
NA18906	1
NA18907	1
NA18908	1
NA18909	0
NA18910	0
NA18911	0
NA18912	0
NA18913	0
NA18914	1
NA18915	0
NA18916	0
NA18917	1
NA18923	1
NA18924	1
NA18925	0
NA18930	0
NA18933	1
NA18934	0
NA18935	0
NA18939	0
NA18940	1
NA18941	0
NA18942	1
NA18943	0
NA18944	1
NA18945	1
NA18946	0
NA18947	0
NA18948	0
NA18949	1
NA18950	0
NA18951	1
NA18952	1
NA18953	1
NA18954	0
NA18956	0
NA18957	0
NA18959	0
NA18960	1
NA18961	0
NA18962	1
NA18963	0
NA18964	0
NA18965	1
NA18966	0
NA18967	0
NA18968	0
NA18969	1
NA18970	1
NA18971	0
NA18972	0
NA18973	0
NA18974	0
NA18975	0
NA18976	1
NA18977	1
NA18978	1
NA18979	1
NA18980	1
NA18981	0
NA18982	1
NA18983	1
NA18984	0
NA18985	1
NA18986	1
NA18987	1
NA18988	0
NA18989	1
NA18990	1
NA18991	0
NA18992	0
NA18993	1
NA18994	1
NA18995	0
NA18997	1
NA18998	1
NA18999	1
NA19000	1
NA19001	1
NA19002	0
NA19003	1
NA19004	1
NA19005	0
NA19006	0
NA19007	0
NA19009	1
NA19010	1
NA19011	1
NA19012	1
NA19017	1
NA19019	1
NA19020	1
NA19023	1
NA19024	1
NA19025	0
NA19026	1
NA19027	1
NA19028	0
NA19030	0
NA19031	0
NA19035	0
NA19036	0
NA19037	1
NA19038	0
NA19041	1
NA19042	0
NA19043	0
NA19054	1
NA19055	1
NA19056	0
NA19057	1
NA19058	1
NA19059	1
NA19060	1
NA19062	1
NA19063	1
NA19064	1
NA19065	1
NA19066	1
NA19067	1
NA19068	1
NA19070	0
NA19072	1
NA19074	1
NA19075	0
NA19076	1
NA19077	1
NA19078	0
NA19079	1
NA19080	0
NA19081	1
NA19082	1
NA19083	0
NA19084	1
NA19085	1
NA19086	1
NA19087	0
NA19088	0
NA19089	0
NA19090	1
NA19091	1
NA19092	1
NA19093	0
NA19094	1
NA19095	0
NA19096	0
NA19097	0
NA19098	0
NA19099	1
NA19100	0
NA19101	1
NA19102	0
NA19103	1
NA19107	1
NA19108	0
NA19109	1
NA19113	1
NA19114	1
NA19115	1
NA19116	0
NA19117	1
NA19118	0
NA19119	1
NA19120	0
NA19121	0
NA19122	0
NA19123	1
NA19127	0
NA19128	0
NA19129	0
NA19130	1
NA19131	1
NA19132	1
NA19137	1
NA19138	1
NA19139	0
NA19140	0
NA19141	1
NA19142	0
NA19143	1
NA19144	1
NA19145	1
NA19146	0
NA19147	0
NA19148	0
NA19149	0
NA19150	0
NA19151	1
NA19152	1
NA19153	1
NA19154	1
NA19159	1
NA19160	0
NA19161	1
NA19171	0
NA19172	1
NA19173	0
NA19174	0
NA19175	0
NA19176	1
NA19177	0
NA19184	0
NA19185	1
NA19186	1
NA19189	1
NA19190	0
NA19191	0
NA19197	0
NA19198	0
NA19199	1
NA19200	1
NA19201	0
NA19202	0
NA19203	1
NA19204	1
NA19205	0
NA19206	0
NA19207	1
NA19208	1
NA19209	0
NA19210	0
NA19211	1
NA19213	1
NA19214	1
NA19215	1
NA19221	1
NA19222	1
NA19223	0
NA19224	0
NA19225	0
NA19226	1
NA19235	0
NA19236	0
NA19237	0
NA19238	0
NA19239	0
NA19240	0
NA19247	1
NA19248	0
NA19249	0
NA19256	0
NA19257	1
NA19258	1
NA19307	1
NA19308	0
NA19309	1
NA19310	1
NA19312	0
NA19314	0
NA19315	1
NA19316	1
NA19317	1
NA19318	0
NA19319	0
NA19320	1
NA19321	0
NA19323	0
NA19324	0
NA19327	0
NA19328	0
NA19331	0
NA19332	1
NA19334	1
NA19338	1
NA19346	1
NA19347	0
NA19350	0
NA19351	0
NA19355	0
NA19360	1
NA19372	1
NA19374	0
NA19375	0
NA19376	1
NA19377	0
NA19378	0
NA19379	0
NA19380	0
NA19383	0
NA19384	1
NA19385	0
NA19390	1
NA19391	1
NA19393	0
NA19394	0
NA19395	1
NA19397	0
NA19399	1
NA19401	0
NA19403	0
NA19404	0
NA19428	1
NA19429	0
NA19430	1
NA19431	1
NA19434	1
NA19435	1
NA19436	0
NA19437	0
NA19438	1
NA19439	1
NA19440	0
NA19443	1
NA19445	1
NA19446	1
NA19448	0
NA19449	1
NA19451	1
NA19452	0
NA19454	1
NA19455	0
NA19456	0
NA19457	0
NA19461	1
NA19462	0
NA19463	0
NA19466	0
NA19467	1
NA19468	1
NA19471	0
NA19472	1
NA19473	0
NA19474	1
NA19475	0
NA19625	0
NA19648	0
NA19649	1
NA19650	0
NA19651	1
NA19652	0
NA19653	1
NA19654	0
NA19655	1
NA19656	0
NA19657	1
NA19658	1
NA19659	1
NA19660	0
NA19661	1
NA19662	0
NA19663	1
NA19664	0
NA19665	1
NA19669	1
NA19670	1
NA19671	0
NA19675	1
NA19676	1
NA19677	1
NA19678	0
NA19679	1
NA19680	0
NA19681	0
NA19682	1
NA19683	1
NA19684	1
NA19685	0
NA19686	0
NA19700	0
NA19701	1
NA19702	0
NA19703	0
NA19704	0
NA19705	0
NA19707	0
NA19711	0
NA19712	1
NA19713	1
NA19716	0
NA19717	0
NA19718	0
NA19719	0
NA19720	0
NA19721	0
NA19722	0
NA19723	1
NA19724	0
NA19725	1
NA19726	1
NA19727	1
NA19728	1
NA19729	0
NA19730	1
NA19731	1
NA19732	0
NA19733	0
NA19734	1
NA19735	1
NA19740	1
NA19741	0
NA19746	1
NA19747	0
NA19748	0
NA19749	0
NA19750	1
NA19751	0
NA19752	1
NA19755	0
NA19756	1
NA19757	0
NA19758	1
NA19759	1
NA19760	1
NA19761	0
NA19762	0
NA19763	1
NA19764	0
NA19770	1
NA19771	1
NA19772	1
NA19773	1
NA19774	0
NA19775	0
NA19776	0
NA19777	1
NA19778	1
NA19779	1
NA19780	0
NA19781	1
NA19782	0
NA19783	1
NA19784	1
NA19785	1
NA19786	1
NA19787	0
NA19788	0
NA19789	0
NA19790	1
NA19792	0
NA19794	1
NA19795	1
NA19796	1
NA19818	1
NA19819	1
NA19828	0
NA19834	1
NA19835	0
NA19836	0
NA19900	1
NA19901	0
NA19902	0
NA19904	1
NA19908	1
NA19909	0
NA19913	1
NA19914	1
NA19916	0
NA19917	1
NA19918	1
NA19919	0
NA19920	0
NA19921	1
NA19922	0
NA19923	0
NA19924	1
NA19982	0
NA19983	0
NA19984	1
NA20126	0
NA20127	1
NA20128	0
NA20129	1
NA20274	1
NA20276	0
NA20278	1
NA20279	1
NA20281	1
NA20282	1
NA20287	0
NA20289	1
NA20291	0
NA20294	1
NA20296	1
NA20298	1
NA20299	1
NA20314	1
NA20317	1
NA20318	0
NA20320	1
NA20321	1
NA20332	0
NA20334	1
NA20339	0
NA20340	0
NA20342	0
NA20346	1
NA20348	0
NA20351	1
NA20355	1
NA20356	0
NA20357	0
NA20358	0
NA20359	0
NA20362	1
NA20412	1
NA20502	1
NA20503	0
NA20504	1
NA20505	1
NA20506	1
NA20507	1
NA20508	1
NA20509	1
NA20510	0
NA20511	0
NA20512	0
NA20513	1
NA20514	0
NA20515	0
NA20516	0
NA20517	1
NA20518	0
NA20519	1
NA20520	0
NA20521	0
NA20522	1
NA20524	0
NA20525	0
NA20527	1
NA20528	0
NA20529	0
NA20530	0
NA20531	0
NA20532	1
NA20533	1
NA20534	1
NA20535	0
NA20536	0
NA20538	0
NA20539	0
NA20540	1
NA20541	1
NA20542	0
NA20543	1
NA20544	1
NA20581	1
NA20582	0
NA20585	1
NA20586	1
NA20587	0
NA20588	0
NA20589	1
NA20752	0
NA20753	0
NA20754	1
NA20755	1
NA20756	1
NA20757	1
NA20758	1
NA20759	0
NA20760	1
NA20761	0
NA20762	1
NA20763	0
NA20764	1
NA20765	0
NA20766	1
NA20767	1
NA20768	0
NA20769	1
NA20770	1
NA20771	1
NA20772	0
NA20773	1
NA20774	0
NA20775	0
NA20778	0
NA20783	1
NA20785	1
NA20786	0
NA20787	0
NA20790	0
NA20792	1
NA20795	1
NA20796	0
NA20797	1
NA20798	1
NA20799	0
NA20800	0
NA20801	1
NA20802	1
NA20803	1
NA20804	1
NA20805	1
NA20806	1
NA20807	1
NA20808	1
NA20809	0
NA20810	0
NA20811	0
NA20812	0
NA20813	1
NA20814	0
NA20815	0
NA20818	0
NA20819	1
NA20821	0
NA20822	1
NA20826	0
NA20827	0
NA20828	1
NA20832	1
NA20845	0
NA20846	1
NA20847	0
NA20849	1
NA20850	1
NA20851	1
NA20852	1
NA20853	1
NA20854	1
NA20856	0
NA20858	0
NA20859	0
NA20861	1
NA20862	1
NA20863	0
NA20864	1
NA20866	0
NA20867	1
NA20868	1
NA20869	1
NA20870	1
NA20872	0
NA20874	1
NA20875	0
NA20876	0
NA20877	0
NA20878	0
NA20881	0
NA20882	0
NA20884	1
NA20885	1
NA20886	1
NA20887	0
NA20888	1
NA20889	0
NA20890	1
NA20891	1
NA20892	1
NA20894	0
NA20895	0
NA20896	0
NA20897	0
NA20899	0
NA20900	0
NA20901	1
NA20902	1
NA20903	0
NA20904	0
NA20905	1
NA20906	1
NA20908	1
NA20910	0
NA20911	0
NA21086	1
NA21087	1
NA21088	0
NA21089	1
NA21090	1
NA21091	0
NA21092	1
NA21093	0
NA21094	0
NA21095	0
NA21097	1
NA21098	0
NA21099	0
NA21100	0
NA21101	0
NA21102	1
NA21103	0
NA21104	1
NA21105	0
NA21106	1
NA21107	1
NA21108	0
NA21109	0
NA21110	0
NA21111	0
NA21112	1
NA21113	1
NA21114	1
NA21115	0
NA21116	0
NA21117	1
NA21118	0
NA21119	1
NA21120	0
NA21122	0
NA21123	0
NA21124	0
NA21125	0
NA21126	1
NA21127	0
NA21128	1
NA21129	1
NA21130	0
NA21133	1
NA21135	1
NA21137	1
NA21141	1
NA21142	0
NA21143	0
NA21144	1
